{
    "results": [
        {
            "params": {
                "pre_length": 96,
                "embed_size": 32,
                "feature_size": 15,
                "seq_length": 1344,
                "hidden_size": 128,
                "hidden_size_factor": 1,
                "sparsity_threshold": 0.01,
                "number_frequency": 1,
                "init_scale": 0.005,
                "embedding_dim": 8,
                "num_layers": 5
            },
            "val_loss": 0.31088775396347046,
            "test_loss": 801027.1915760869,
            "metrics": {
                "mse": 800429.5625,
                "rmse": 894.6672973632812,
                "mae": 703.26513671875,
                "mape": 7.880902290344238,
                "smape": 7.79836893081665
            }
        }
    ],
    "best_params": {
        "pre_length": 96,
        "embed_size": 32,
        "feature_size": 15,
        "seq_length": 1344,
        "hidden_size": 128,
        "hidden_size_factor": 1,
        "sparsity_threshold": 0.01,
        "number_frequency": 1,
        "init_scale": 0.005,
        "embedding_dim": 8,
        "num_layers": 5
    },
    "best_val_loss": 0.31088775396347046,
    "best_test_metrics": {
        "mse": 800429.5625,
        "rmse": 894.6672973632812,
        "mae": 703.26513671875,
        "mape": 7.880902290344238,
        "smape": 7.79836893081665
    },
    "combination": 0
}