{
    "results": [
        {
            "params": {
                "pre_length": 24,
                "embed_size": 32,
                "feature_size": 19,
                "seq_length": 336,
                "hidden_size": 128,
                "hidden_size_factor": 1,
                "sparsity_threshold": 0.01
            },
            "val_loss": 1.7490315437316895,
            "test_loss": 13.536717414855957,
            "metrics": {
                "mse": 13.681536674499512,
                "rmse": 3.6988561153411865,
                "mae": 2.9075024127960205,
                "mape": 10.82609748840332,
                "smape": 10.662261009216309
            }
        },
        {
            "params": {
                "pre_length": 24,
                "embed_size": 32,
                "feature_size": 19,
                "seq_length": 336,
                "hidden_size": 128,
                "hidden_size_factor": 1,
                "sparsity_threshold": 0.05
            },
            "val_loss": 1.8789784908294678,
            "test_loss": 27.12134043375651,
            "metrics": {
                "mse": 27.317228317260742,
                "rmse": 5.226588726043701,
                "mae": 4.115861415863037,
                "mape": 15.242158889770508,
                "smape": 14.72351360321045
            }
        }
    ],
    "best_params": {
        "pre_length": 24,
        "embed_size": 32,
        "feature_size": 19,
        "seq_length": 336,
        "hidden_size": 128,
        "hidden_size_factor": 1,
        "sparsity_threshold": 0.01
    },
    "best_val_loss": 1.7490315437316895,
    "best_test_metrics": {
        "mse": 13.681536674499512,
        "rmse": 3.6988561153411865,
        "mae": 2.9075024127960205,
        "mape": 10.82609748840332,
        "smape": 10.662261009216309
    }
}